{
  "timestamp": "2025-08-29 16:56:03.297206",
  "temporal_analysis": {
    "hourly_analysis": {
      "total_transactions": {
        "0.0": 4619,
        "1.0": 4246,
        "2.0": 3927,
        "3.0": 3620,
        "4.0": 3345,
        "5.0": 3062,
        "6.0": 2824,
        "7.0": 2504,
        "8.0": 2466,
        "9.0": 2140,
        "10.0": 2004,
        "11.0": 1896,
        "12.0": 1742,
        "13.0": 1575,
        "14.0": 1397,
        "15.0": 1308,
        "16.0": 1194,
        "17.0": 1133,
        "18.0": 1053,
        "19.0": 903,
        "20.0": 879,
        "21.0": 778,
        "22.0": 727,
        "23.0": 658
      },
      "fraud_count": {
        "0.0": 5,
        "1.0": 7,
        "2.0": 9,
        "3.0": 4,
        "4.0": 7,
        "5.0": 5,
        "6.0": 5,
        "7.0": 3,
        "8.0": 6,
        "9.0": 5,
        "10.0": 4,
        "11.0": 5,
        "12.0": 5,
        "13.0": 2,
        "14.0": 1,
        "15.0": 0,
        "16.0": 2,
        "17.0": 2,
        "18.0": 3,
        "19.0": 0,
        "20.0": 3,
        "21.0": 1,
        "22.0": 2,
        "23.0": 0
      },
      "fraud_rate": {
        "0.0": 0.0011,
        "1.0": 0.0016,
        "2.0": 0.0023,
        "3.0": 0.0011,
        "4.0": 0.0021,
        "5.0": 0.0016,
        "6.0": 0.0018,
        "7.0": 0.0012,
        "8.0": 0.0024,
        "9.0": 0.0023,
        "10.0": 0.002,
        "11.0": 0.0026,
        "12.0": 0.0029,
        "13.0": 0.0013,
        "14.0": 0.0007,
        "15.0": 0.0,
        "16.0": 0.0017,
        "17.0": 0.0018,
        "18.0": 0.0028,
        "19.0": 0.0,
        "20.0": 0.0034,
        "21.0": 0.0013,
        "22.0": 0.0028,
        "23.0": 0.0
      }
    },
    "daily_analysis": {
      "total_transactions": {
        "5.0": 44081,
        "6.0": 5919
      },
      "fraud_count": {
        "5.0": 79,
        "6.0": 7
      },
      "fraud_rate": {
        "5.0": 0.0018,
        "6.0": 0.0012
      }
    }
  },
  "amount_analysis": {
    "fraud_avg": 55.75325489503096,
    "legitimate_avg": 67.86105989915932,
    "fraud_median": 15.454389769667653,
    "legitimate_median": 33.27759190172722,
    "fraud_std": 188.4504836118042,
    "legitimate_std": 122.78702869116283
  },
  "feature_analysis": {
    "v4": {
      "fraud_mean": 4.194288036715351,
      "legitimate_mean": 0.006570246880631722,
      "fraud_std": 1.9095393430494183,
      "legitimate_std": 1.0076036238108683,
      "separation": 4.1877177898347195
    },
    "v11": {
      "fraud_mean": -2.78169209728963,
      "legitimate_mean": 0.0036857746373095217,
      "fraud_std": 1.4972257069168127,
      "legitimate_std": 1.0081502383904533,
      "separation": 2.7853778719269395
    },
    "v14": {
      "fraud_mean": -4.804863491960974,
      "legitimate_mean": 0.006150457957785227,
      "fraud_std": 1.7015656571332083,
      "legitimate_std": 1.0056812055969204,
      "separation": 4.81101394991876
    }
  },
  "anomaly_detection": {
    "anomalies_detected": "100",
    "actual_frauds": 86,
    "detection_rate": 0.011627906976744186,
    "false_positive_rate": 0.001983411467724486
  },
  "risk_analysis": {
    "total_transactions": {
      "high": 632,
      "low": 43315,
      "medium": 6053
    },
    "fraud_count": {
      "high": 84,
      "low": 0,
      "medium": 2
    },
    "fraud_rate": {
      "high": 0.1329,
      "low": 0.0,
      "medium": 0.0003
    },
    "avg_amount": {
      "high": 78.0533,
      "low": 67.7817,
      "medium": 67.193
    }
  },
  "business_insights": {
    "total_transactions": 50000,
    "total_frauds": "86",
    "fraud_rate": 0.00172,
    "total_amount": 3392011.723727611,
    "fraud_amount": 4794.779920972663,
    "fraud_amount_percentage": 0.0014135505155929992,
    "avg_transaction_amount": 67.84023447455222,
    "avg_fraud_amount": 55.75325489503096,
    "avg_legitimate_amount": 67.86105989915932
  }
}